;gesis;xyx-corona-questionnaire.dta;new_name;topic_english;group;label_english;type;categories_english;ordered;nice_name_english
0;True;q1a;p_infected;Media and Health Beliefs;Subjective Risk of Getting or Spreading;How likely do you think it is that you will become infected with the new coronavirus in the next 2 months?;Categorical;not at all likely, very unlikely, rather unlikely, moderately likely, rather likely, very likely, certain, has already happened;True;Be Infected
1;True;q1b;p_acquaintance_infected;Media and Health Beliefs;Subjective Risk of Getting or Spreading;How likely do you think it is that someone in your direct environment (e.g., family, friends, colleagues) will be infected with the new coronavirus in the next 2 months?;Categorical;not at all likely, very unlikely, rather unlikely, moderately likely, rather likely, very likely, certain, has already happened;True;Friend Infected
2;True;q1c;p_hospital_if_infect_self;Media and Health Beliefs;Subjective Risk of Getting or Spreading;How likely do you think it is that you will need inpatient care from being infected with the new coronavirus in the next 2 months?;Categorical;not at all likely, very unlikely, rather unlikely, moderately likely, rather likely, very likely, certain, has already happened;True;Hospitalized
3;True;q1d;p_quarantine;Media and Health Beliefs;Subjective Risk of Getting or Spreading;How likely do you think it is that you will be quarantined in the next 2 months irrespective of whether you get infected or not?;Categorical;not at all likely, very unlikely, rather unlikely, moderately likely, rather likely, very likely, certain, has already happened;True;Quarantine
4;True;q1e;p_infected_and_pass_on;Media and Health Beliefs;Subjective Risk of Getting or Spreading;How likely do you think it is that you will get infected and infect others in the next to months?;Categorical;not at all likely, very unlikely, rather unlikely, moderately likely, rather likely, very likely, certain, has already happened;True;Spread Virus
5;;;;;;;;;;
6;;;;;;;;;;
7;;;;;;;;;;
8;;;;;;;;;;
9;;;;;;;;;;
10;;;;;;;;;;
11;;;;;;;;;;
12;;;;;;;;;;
13;;;;;;;;;;
14;;;;;;;;;;
15;;;;;;;;;;
16;;;;;;;;;;
17;;;;;;;;;;
18;;;;;;;;;;
19;;;;;;;;;;
20;;;;;;;;;;
21;;;;;;;;;;
22;;;;;;;;;;
23;;;;;;;;;;
24;;;;;;;;;;
25;;;;;;;;;;
26;;;;;;;;;;
27;;;;;;;;;;
28;;;;;;;;;;
29;;;;;;;;;;
30;;;;;;;;;;
31;;;;;;;;;;
32;;;;;;;;;;
33;;;;;;;;;;
34;;;;;;;;;;
35;;;;;;;;;;
36;;;;;;;;;;
37;;;;;;;;;;
38;;;;;;;;;;
39;;;;;;;;;;
40;;;;;;;;;;
41;;;;;;;;;;
42;;;;;;;;;;
43;;;;;;;;;;
44;;;;;;;;;;
45;;;;;;;;;;
46;;;;;;;;;;
47;;;;;;;;;;
48;;;;;;;;;;
49;;;;;;;;;;
50;;;;;;;;;;
51;;;;;;;;;;
52;;;;;;;;;;
53;;;;;;;;;;
54;;;;;;;;;;
55;;;;;;;;;;
56;;;;;;;;;;
57;;;;;;;;;;
58;;;;;;;;;;
59;;;;;;;;;;
60;;;;;;;;;;
61;;;;;;;;;;
62;;;;;;;;;;
63;;;;;;;;;;
64;;;;;;;;;;
65;;;;;;;;;;
66;;;;;;;;;;
67;;;;;;;;;;
68;;;;;;;;;;
69;;;;;;;;;;
70;;;;;;;;;;
71;;;;;;;;;;
72;;;;;;;;;;
73;;;;;;;;;;
74;;;;;;;;;;
75;;;;;;;;;;
76;;;;;;;;;;
77;;;;;;;;;;
78;;;;;;;;;;
79;;;;;;;;;;
80;;;;;;;;;;
81;;;;;;;;;;
82;;;;;;;;;;
83;;;;;;;;;;
84;;;;;;;;;;
85;;;;;;;;;;
86;;;;;;;;;;
87;;;;;;;;;;
88;;;;;;;;;;
89;;;;;;;;;;
90;;;;;;;;;;
91;;;;;;;;;;
92;;;;;;;;;;
93;;;;;;;;;;
94;;;;;;;;;;
95;;;;;;;;;;
96;;;;;;;;;;
97;;;;;;;;;;
98;;;;;;;;;;
99;;;;;;;;;;
100;;;;;;;;;;
101;;;;;;;;;;
102;;;;;;;;;;
103;;;;;;;;;;
104;;;;;;;;;;
105;;;;;;;;;;
106;;;;;;;;;;
107;;;;;;;;;;
108;;;;;;;;;;
109;;;;;;;;;;
110;;;;;;;;;;
111;;;;;;;;;;
112;;;;;;;;;;
113;;;;;;;;;;
114;;;;;;;;;;
115;;;;;;;;;;
116;;;;;;;;;;
117;;;;;;;;;;
118;;;;;;;;;;
119;;;;;;;;;;
120;;;;;;;;;;
121;;;;;;;;;;
122;;;;;;;;;;
123;;;;;;;;;;
124;;;;;;;;;;
125;;;;;;;;;;
126;;;;;;;;;;
127;;;;;;;;;;
128;;;;;;;;;;
129;;;;;;;;;;
130;;;;;;;;;;
131;;;;;;;;;;
132;;;;;;;;;;
133;;;;;;;;;;
134;;;;;;;;;;
135;;;;;;;;;;
136;;;;;;;;;;
137;;;;;;;;;;
138;;;;;;;;;;
139;;;;;;;;;;
140;;;;;;;;;;
141;;;;;;;;;;
142;;;;;;;;;;
143;;;;;;;;;;
144;;;;;;;;;;
145;;;;;;;;;;
146;;;;;;;;;;
147;;;;;;;;;;
148;;;;;;;;;;
149;;;;;;;;;;
150;;;;;;;;;;
151;;;;;;;;;;
152;;;;;;;;;;
153;;;;;;;;;;
154;;;;;;;;;;
155;;;;;;;;;;
156;;;;;;;;;;
157;;;;;;;;;;
158;;;;;;;;;;
159;;;;;;;;;;
160;;;;;;;;;;
161;;;;;;;;;;
162;;;;;;;;;;
163;;;;;;;;;;
164;;;;;;;;;;
165;;;;;;;;;;
166;;;;;;;;;;
167;;;;;;;;;;
168;;;;;;;;;;
169;;;;;;;;;;
170;;;;;;;;;;
171;;;;;;;;;;
172;;;;;;;;;;
173;;;;;;;;;;
174;;;;;;;;;;
175;;;;;;;;;;
176;;;;;;;;;;
177;;;;;;;;;;
178;;;;;;;;;;
179;;;;;;;;;;
180;;;;;;;;;;
181;;;;;;;;;;
182;;;;;;;;;;
183;;;;;;;;;;
184;;;;;;;;;;
185;;;;;;;;;;
186;;;;;;;;;;
187;;;;;;;;;;
188;;;;;;;;;;
189;;;;;;;;;;
190;;;;;;;;;;
191;;;;;;;;;;
192;;;;;;;;;;
193;;;;;;;;;;
194;;;;;;;;;;
195;;;;;;;;;;
196;;;;;;;;;;
197;;;;;;;;;;
198;;;;;;;;;;
199;;;;;;;;;;
200;;;;;;;;;;
201;;;;;;;;;;
202;;;;;;;;;;
203;;;;;;;;;;
204;;;;;;;;;;
205;;;;;;;;;;
206;;;;;;;;;;
207;;;;;;;;;;
208;;;;;;;;;;
209;;;;;;;;;;
210;;;;;;;;;;
211;;;;;;;;;;
212;;;;;;;;;;
213;;;;;;;;;;
214;;;;;;;;;;
215;;;;;;;;;;
216;;;;;;;;;;
217;;;;;;;;;;
218;;;;;;;;;;
219;;;;;;;;;;
220;;;;;;;;;;
221;;;;;;;;;;
222;;;;;;;;;;
223;;;;;;;;;;
224;;;;;;;;;;
225;;;;;;;;;;
226;;;;;;;;;;
227;;;;;;;;;;
228;;;;;;;;;;
229;;;;;;;;;;
230;;;;;;;;;;
231;;;;;;;;;;
232;;;;;;;;;;
233;;;;;;;;;;
234;;;;;;;;;;
235;;;;;;;;;;
236;;;;;;;;;;
237;;;;;;;;;;
238;;;;;;;;;;
239;;;;;;;;;;
240;;;;;;;;;;
241;;;;;;;;;;
242;;;;;;;;;;
243;;;;;;;;;;
244;;;;;;;;;;
245;;;;;;;;;;
246;;;;;;;;;;
247;;;;;;;;;;
248;;;;;;;;;;
249;;;;;;;;;;
250;;;;;;;;;;
251;;;;;;;;;;
252;;;;;;;;;;
253;;;;;;;;;;
254;;;;;;;;;;
255;;;;;;;;;;
256;;;;;;;;;;
257;;;;;;;;;;
258;;;;;;;;;;
259;;;;;;;;;;
260;;;;;;;;;;
261;;;;;;;;;;
262;;;;;;;;;;
263;;;;;;;;;;
264;;;;;;;;;;
265;;;;;;;;;;
266;;;;;;;;;;
267;;;;;;;;;;
268;;;;;;;;;;
269;;;;;;;;;;
270;;;;;;;;;;
271;;;;;;;;;;
272;;;;;;;;;;
273;;;;;;;;;;
274;;;;;;;;;;
275;;;;;;;;;;
276;;;;;;;;;;
277;;;;;;;;;;
278;;;;;;;;;;
279;;;;;;;;;;
280;;;;;;;;;;
281;;;;;;;;;;
282;;;;;;;;;;
283;;;;;;;;;;
284;;;;;;;;;;
285;;;;;;;;;;
286;;;;;;;;;;
287;;;;;;;;;;
288;;;;;;;;;;
289;;;;;;;;;;
290;;;;;;;;;;
291;;;;;;;;;;
292;;;;;;;;;;
293;;;;;;;;;;
294;;;;;;;;;;
295;;;;;;;;;;
296;;;;;;;;;;
297;;;;;;;;;;
298;;;;;;;;;;
299;;;;;;;;;;
300;;;;;;;;;;
301;;;;;;;;;;
302;;;;;;;;;;
303;;;;;;;;;;
304;;;;;;;;;;
305;;;;;;;;;;
306;;;;;;;;;;
307;;;;;;;;;;
308;;;;;;;;;;
309;;;;;;;;;;
310;;;;;;;;;;
311;;;;;;;;;;
312;;;;;;;;;;
313;;;;;;;;;;
314;;;;;;;;;;
315;;;;;;;;;;
316;;;;;;;;;;
317;;;;;;;;;;
318;;;;;;;;;;
319;;;;;;;;;;
320;;;;;;;;;;
321;;;;;;;;;;
322;;;;;;;;;;
323;;;;;;;;;;
324;;;;;;;;;;
325;;;;;;;;;;
326;;;;;;;;;;
327;;;;;;;;;;
328;;;;;;;;;;
329;;;;;;;;;;
330;;;;;;;;;;
331;;;;;;;;;;
332;;;;;;;;;;
333;;;;;;;;;;
334;;;;;;;;;;
335;;;;;;;;;;
336;;;;;;;;;;
337;;;;;;;;;;
338;;;;;;;;;;
339;;;;;;;;;;
340;;;;;;;;;;
341;;;;;;;;;;
342;;;;;;;;;;
343;;;;;;;;;;
344;;;;;;;;;;
345;;;;;;;;;;
346;;;;;;;;;;
347;;;;;;;;;;
348;;;;;;;;;;
349;;;;;;;;;;
350;;;;;;;;;;
351;;;;;;;;;;
352;;;;;;;;;;
353;;;;;;;;;;
354;;;;;;;;;;
355;;;;;;;;;;
356;;;;;;;;;;
357;;;;;;;;;;
358;;;;;;;;;;
359;;;;;;;;;;
360;;;;;;;;;;
361;;;;;;;;;;
362;;;;;;;;;;
363;;;;;;;;;;
364;;;;;;;;;;
365;;;;;;;;;;
366;;;;;;;;;;
367;;;;;;;;;;
368;;;;;;;;;;
369;;;;;;;;;;
370;;;;;;;;;;
371;;;;;;;;;;
372;;;;;;;;;;
373;;;;;;;;;;
374;;;;;;;;;;
375;;;;;;;;;;
376;;;;;;;;;;
377;;;;;;;;;;
378;;;;;;;;;;
379;;;;;;;;;;
380;;;;;;;;;;
381;;;;;;;;;;
382;;;;;;;;;;
383;;;;;;;;;;
384;;;;;;;;;;
385;;;;;;;;;;
386;;;;;;;;;;
387;;;;;;;;;;
388;;;;;;;;;;
389;;;;;;;;;;
390;;;;;;;;;;
391;;;;;;;;;;
392;;;;;;;;;;
393;;;;;;;;;;
394;;;;;;;;;;
395;;;;;;;;;;
396;;;;;;;;;;
397;;;;;;;;;;
398;;;;;;;;;;
399;;;;;;;;;;
400;;;;;;;;;;
401;;;;;;;;;;
402;;;;;;;;;;
403;;;;;;;;;;
404;;;;;;;;;;
405;;;;;;;;;;
406;;;;;;;;;;
407;;;;;;;;;;
408;;;;;;;;;;
409;;;;;;;;;;
410;;;;;;;;;;
411;;;;;;;;;;
412;;;;;;;;;;
413;;;;;;;;;;
414;;;;;;;;;;
415;;;;;;;;;;
416;;;;;;;;;;
417;;;;;;;;;;
418;;;;;;;;;;
419;;;;;;;;;;
420;;;;;;;;;;
421;;;;;;;;;;
422;;;;;;;;;;
423;;;;;;;;;;
424;;;;;;;;;;
425;;;;;;;;;;
426;;;;;;;;;;
427;;;;;;;;;;
428;;;;;;;;;;
429;;;;;;;;;;
430;;;;;;;;;;
431;;;;;;;;;;
432;;;;;;;;;;
433;;;;;;;;;;
434;;;;;;;;;;
435;;;;;;;;;;
436;;;;;;;;;;
437;;;;;;;;;;
438;;;;;;;;;;
439;;;;;;;;;;
440;;;;;;;;;;
441;;;;;;;;;;
442;;;;;;;;;;
443;;;;;;;;;;
444;;;;;;;;;;
445;;;;;;;;;;
446;;;;;;;;;;
447;;;;;;;;;;
448;;;;;;;;;;
449;;;;;;;;;;
450;;;;;;;;;;
451;;;;;;;;;;
452;;;;;;;;;;
453;;;;;;;;;;
454;;;;;;;;;;
455;;;;;;;;;;
456;;;;;;;;;;
457;;;;;;;;;;
458;;;;;;;;;;
459;;;;;;;;;;
460;;;;;;;;;;
461;;;;;;;;;;
462;;;;;;;;;;
463;;;;;;;;;;
464;;;;;;;;;;
465;;;;;;;;;;
466;;;;;;;;;;
467;;;;;;;;;;
468;;;;;;;;;;
469;;;;;;;;;;
470;;;;;;;;;;
471;;;;;;;;;;
472;;;;;;;;;;
473;;;;;;;;;;
474;;;;;;;;;;
475;;;;;;;;;;
476;;;;;;;;;;
477;;;;;;;;;;
478;;;;;;;;;;
479;;;;;;;;;;
480;;;;;;;;;;
481;;;;;;;;;;
482;;;;;;;;;;
483;;;;;;;;;;
484;;;;;;;;;;
485;;;;;;;;;;
486;;;;;;;;;;
487;;;;;;;;;;
488;;;;;;;;;;
489;;;;;;;;;;
490;;;;;;;;;;
491;;;;;;;;;;
492;;;;;;;;;;
493;;;;;;;;;;
494;;;;;;;;;;
495;;;;;;;;;;
496;;;;;;;;;;
497;;;;;;;;;;
498;;;;;;;;;;
499;;;;;;;;;;
500;;;;;;;;;;
501;;;;;;;;;;
502;;;;;;;;;;
503;;;;;;;;;;
504;;;;;;;;;;
505;;;;;;;;;;
506;;;;;;;;;;
507;;;;;;;;;;
508;;;;;;;;;;
509;;;;;;;;;;
510;;;;;;;;;;
511;;;;;;;;;;
512;;;;;;;;;;
513;;;;;;;;;;
514;;;;;;;;;;
515;;;;;;;;;;
516;;;;;;;;;;
517;;;;;;;;;;
518;;;;;;;;;;
519;;;;;;;;;;
520;;;;;;;;;;
521;;;;;;;;;;
522;;;;;;;;;;
523;;;;;;;;;;
524;;;;;;;;;;
525;;;;;;;;;;
526;;;;;;;;;;
527;;;;;;;;;;
528;;;;;;;;;;
529;;;;;;;;;;
530;;;;;;;;;;
531;;;;;;;;;;
532;;;;;;;;;;
533;;;;;;;;;;
534;;;;;;;;;;
535;;;;;;;;;;
536;;;;;;;;;;
537;;;;;;;;;;
538;;;;;;;;;;
539;;;;;;;;;;
540;;;;;;;;;;
541;;;;;;;;;;
542;;;;;;;;;;
543;;;;;;;;;;
544;;;;;;;;;;
545;;;;;;;;;;
546;;;;;;;;;;
547;;;;;;;;;;
548;;;;;;;;;;
549;;;;;;;;;;
550;;;;;;;;;;
551;;;;;;;;;;
552;;;;;;;;;;
553;;;;;;;;;;
554;;;;;;;;;;
555;;;;;;;;;;
556;;;;;;;;;;
557;;;;;;;;;;
558;;;;;;;;;;
559;;;;;;;;;;
560;;;;;;;;;;
561;;;;;;;;;;
562;;;;;;;;;;
563;;;;;;;;;;
564;;;;;;;;;;
565;;;;;;;;;;
566;;;;;;;;;;
567;;;;;;;;;;
568;;;;;;;;;;
569;;;;;;;;;;
570;;;;;;;;;;
571;;;;;;;;;;
572;;;;;;;;;;
573;;;;;;;;;;
574;;;;;;;;;;
575;;;;;;;;;;
576;;;;;;;;;;
577;;;;;;;;;;
578;;;;;;;;;;
579;;;;;;;;;;
580;;;;;;;;;;
581;;;;;;;;;;
582;;;;;;;;;;
583;;;;;;;;;;
584;;;;;;;;;;
585;;;;;;;;;;
586;;;;;;;;;;
587;;;;;;;;;;
588;;;;;;;;;;
589;;;;;;;;;;
590;;;;;;;;;;
591;;;;;;;;;;
592;;;;;;;;;;
593;;;;;;;;;;
594;;;;;;;;;;
595;;;;;;;;;;
596;;;;;;;;;;
597;;;;;;;;;;
598;;;;;;;;;;
599;;;;;;;;;;
600;;;;;;;;;;
601;;;;;;;;;;
602;;;;;;;;;;
603;;;;;;;;;;
604;;;;;;;;;;
605;;;;;;;;;;
606;;;;;;;;;;
607;;;;;;;;;;
608;;;;;;;;;;
609;;;;;;;;;;
610;;;;;;;;;;
611;;;;;;;;;;
612;;;;;;;;;;
613;;;;;;;;;;
614;;;;;;;;;;
615;;;;;;;;;;
616;;;;;;;;;;
617;;;;;;;;;;
618;;;;;;;;;;
619;;;;;;;;;;
620;;;;;;;;;;
621;;;;;;;;;;
622;;;;;;;;;;
623;;;;;;;;;;
624;;;;;;;;;;
625;;;;;;;;;;
626;;;;;;;;;;
627;;;;;;;;;;
628;;;;;;;;;;
629;;;;;;;;;;
630;;;;;;;;;;
631;;;;;;;;;;
632;;;;;;;;;;
633;;;;;;;;;;
634;;;;;;;;;;
635;;;;;;;;;;
636;;;;;;;;;;
637;;;;;;;;;;
638;;;;;;;;;;
639;;;;;;;;;;
640;;;;;;;;;;
641;;;;;;;;;;
642;;;;;;;;;;
643;;;;;;;;;;
644;;;;;;;;;;
645;;;;;;;;;;
646;;;;;;;;;;
647;;;;;;;;;;
648;;;;;;;;;;
649;;;;;;;;;;
650;;;;;;;;;;
651;;;;;;;;;;
652;;;;;;;;;;
653;;;;;;;;;;
654;;;;;;;;;;
655;;;;;;;;;;
656;;;;;;;;;;
657;;;;;;;;;;
658;;;;;;;;;;
659;;;;;;;;;;
660;;;;;;;;;;
661;;;;;;;;;;
662;;;;;;;;;;
663;;;;;;;;;;
664;;;;;;;;;;
665;;;;;;;;;;
666;;;;;;;;;;
667;;;;;;;;;;
668;;;;;;;;;;
669;;;;;;;;;;
670;;;;;;;;;;
671;;;;;;;;;;
672;;;;;;;;;;
673;;;;;;;;;;
674;;;;;;;;;;
675;;;;;;;;;;
676;;;;;;;;;;
677;;;;;;;;;;
678;;;;;;;;;;
679;;;;;;;;;;
680;;;;;;;;;;
681;;;;;;;;;;
682;;;;;;;;;;
683;;;;;;;;;;
684;;;;;;;;;;
685;;;;;;;;;;
686;;;;;;;;;;
687;;;;;;;;;;
688;;;;;;;;;;
689;;;;;;;;;;
690;;;;;;;;;;
691;;;;;;;;;;
692;;;;;;;;;;
693;;;;;;;;;;
694;;;;;;;;;;
695;;;;;;;;;;
696;;;;;;;;;;
697;;;;;;;;;;
698;;;;;;;;;;
699;;;;;;;;;;
700;;;;;;;;;;
701;;;;;;;;;;
702;;;;;;;;;;
703;;;;;;;;;;
704;;;;;;;;;;
705;;;;;;;;;;
706;;;;;;;;;;
707;;;;;;;;;;
708;;;;;;;;;;
709;;;;;;;;;;
710;;;;;;;;;;
711;;;;;;;;;;
712;;;;;;;;;;
713;;;;;;;;;;
714;;;;;;;;;;
715;;;;;;;;;;
716;;;;;;;;;;
717;;;;;;;;;;
718;;;;;;;;;;
719;;;;;;;;;;
720;;;;;;;;;;
721;;;;;;;;;;
722;;;;;;;;;;
723;;;;;;;;;;
724;;;;;;;;;;
725;;;;;;;;;;
726;;;;;;;;;;
727;;;;;;;;;;
728;;;;;;;;;;
729;;;;;;;;;;
730;;;;;;;;;;
731;;;;;;;;;;
732;;;;;;;;;;
733;;;;;;;;;;
734;;;;;;;;;;
735;;;;;;;;;;
736;;;;;;;;;;
737;;;;;;;;;;
738;;;;;;;;;;
739;;;;;;;;;;
740;;;;;;;;;;
741;;;;;;;;;;
742;;;;;;;;;;
743;;;;;;;;;;
744;;;;;;;;;;
745;;;;;;;;;;
746;;;;;;;;;;
747;;;;;;;;;;
748;;;;;;;;;;
749;;;;;;;;;;
750;;;;;;;;;;
751;;;;;;;;;;
752;;;;;;;;;;
753;;;;;;;;;;
754;;;;;;;;;;
755;;;;;;;;;;
756;;;;;;;;;;
757;;;;;;;;;;
758;;;;;;;;;;
759;;;;;;;;;;
760;;;;;;;;;;
761;;;;;;;;;;
762;;;;;;;;;;
763;;;;;;;;;;
764;;;;;;;;;;
765;;;;;;;;;;
766;;;;;;;;;;
767;;;;;;;;;;
768;;;;;;;;;;
769;;;;;;;;;;
770;;;;;;;;;;
771;;;;;;;;;;
772;;;;;;;;;;
773;;;;;;;;;;
774;;;;;;;;;;
775;;;;;;;;;;
776;;;;;;;;;;
777;;;;;;;;;;
778;;;;;;;;;;
779;;;;;;;;;;
780;;;;;;;;;;
781;;;;;;;;;;
782;;;;;;;;;;
783;;;;;;;;;;
784;;;;;;;;;;
785;;;;;;;;;;
786;;;;;;;;;;
787;;;;;;;;;;
788;;;;;;;;;;
789;;;;;;;;;;
790;;;;;;;;;;
791;;;;;;;;;;
792;;;;;;;;;;
793;;;;;;;;;;
794;;;;;;;;;;
795;;;;;;;;;;
796;;;;;;;;;;
797;;;;;;;;;;
798;;;;;;;;;;
799;;;;;;;;;;
800;;;;;;;;;;
801;;;;;;;;;;
802;;;;;;;;;;
803;;;;;;;;;;
804;;;;;;;;;;
805;;;;;;;;;;
806;;;;;;;;;;
807;;;;;;;;;;
808;;;;;;;;;;
809;;;;;;;;;;
810;;;;;;;;;;
811;;;;;;;;;;
812;;;;;;;;;;
813;;;;;;;;;;
814;;;;;;;;;;
815;;;;;;;;;;
816;;;;;;;;;;
817;;;;;;;;;;
818;;;;;;;;;;
819;;;;;;;;;;
820;;;;;;;;;;
821;;;;;;;;;;
822;;;;;;;;;;
823;;;;;;;;;;
824;;;;;;;;;;
825;;;;;;;;;;
826;;;;;;;;;;
827;;;;;;;;;;
828;;;;;;;;;;
829;;;;;;;;;;
830;;;;;;;;;;
831;;;;;;;;;;
832;;;;;;;;;;
833;;;;;;;;;;
834;;;;;;;;;;
835;;;;;;;;;;
836;;;;;;;;;;
837;;;;;;;;;;
838;;;;;;;;;;
839;;;;;;;;;;
840;;;;;;;;;;
841;;;;;;;;;;
842;;;;;;;;;;
843;;;;;;;;;;
844;;;;;;;;;;
845;;;;;;;;;;
846;;;;;;;;;;
847;;;;;;;;;;
848;;;;;;;;;;
849;;;;;;;;;;
850;;;;;;;;;;
851;;;;;;;;;;
852;;;;;;;;;;
853;;;;;;;;;;
854;;;;;;;;;;
855;;;;;;;;;;
856;;;;;;;;;;
857;;;;;;;;;;
858;;;;;;;;;;
859;;;;;;;;;;
860;;;;;;;;;;
861;;;;;;;;;;
862;;;;;;;;;;
863;;;;;;;;;;
864;;;;;;;;;;
865;;;;;;;;;;
866;;;;;;;;;;
867;;;;;;;;;;
868;;;;;;;;;;
869;;;;;;;;;;
870;;;;;;;;;;
871;;;;;;;;;;
872;;;;;;;;;;
873;;;;;;;;;;
874;;;;;;;;;;
875;;;;;;;;;;
876;;;;;;;;;;
877;;;;;;;;;;
878;;;;;;;;;;
879;;;;;;;;;;
880;;;;;;;;;;
881;;;;;;;;;;
882;;;;;;;;;;
883;;;;;;;;;;
884;;;;;;;;;;
885;;;;;;;;;;
886;;;;;;;;;;
887;;;;;;;;;;
888;;;;;;;;;;
889;;;;;;;;;;
890;;;;;;;;;;
891;;;;;;;;;;
892;;;;;;;;;;
893;;;;;;;;;;
894;;;;;;;;;;
895;;;;;;;;;;
896;;;;;;;;;;
897;;;;;;;;;;
898;;;;;;;;;;
899;;;;;;;;;;
900;;;;;;;;;;
901;;;;;;;;;;
902;;;;;;;;;;
903;;;;;;;;;;
904;;;;;;;;;;
905;;;;;;;;;;
906;;;;;;;;;;
907;;;;;;;;;;
908;;;;;;;;;;
909;;;;;;;;;;
910;;;;;;;;;;
911;;;;;;;;;;
912;;;;;;;;;;
913;;;;;;;;;;
914;;;;;;;;;;
915;;;;;;;;;;
916;;;;;;;;;;
917;;;;;;;;;;
918;;;;;;;;;;
919;;;;;;;;;;
920;;;;;;;;;;
921;;;;;;;;;;
922;;;;;;;;;;
923;;;;;;;;;;
924;;;;;;;;;;
925;;;;;;;;;;
926;;;;;;;;;;
927;;;;;;;;;;
928;;;;;;;;;;
929;;;;;;;;;;
930;;;;;;;;;;
931;;;;;;;;;;
932;;;;;;;;;;
933;;;;;;;;;;
934;;;;;;;;;;
935;;;;;;;;;;
936;;;;;;;;;;
937;;;;;;;;;;
938;;;;;;;;;;
939;;;;;;;;;;
940;;;;;;;;;;
941;;;;;;;;;;
942;;;;;;;;;;
943;;;;;;;;;;
944;;;;;;;;;;
945;;;;;;;;;;
946;;;;;;;;;;
947;;;;;;;;;;
948;;;;;;;;;;
949;;;;;;;;;;
950;;;;;;;;;;
951;;;;;;;;;;
952;;;;;;;;;;
953;;;;;;;;;;
954;;;;;;;;;;
955;;;;;;;;;;
956;;;;;;;;;;
957;;;;;;;;;;
958;;;;;;;;;;
959;;;;;;;;;;
960;;;;;;;;;;
961;;;;;;;;;;
962;;;;;;;;;;
963;;;;;;;;;;
964;;;;;;;;;;
965;;;;;;;;;;
966;;;;;;;;;;
967;;;;;;;;;;
968;;;;;;;;;;
969;;;;;;;;;;
970;;;;;;;;;;
971;;;;;;;;;;
972;;;;;;;;;;
973;;;;;;;;;;
974;;;;;;;;;;
975;;;;;;;;;;
976;;;;;;;;;;
977;;;;;;;;;;
978;;;;;;;;;;
979;;;;;;;;;;
980;;;;;;;;;;
981;;;;;;;;;;
982;;;;;;;;;;
983;;;;;;;;;;
984;;;;;;;;;;
985;;;;;;;;;;
986;;;;;;;;;;
987;;;;;;;;;;
988;;;;;;;;;;
989;;;;;;;;;;
990;;;;;;;;;;
991;;;;;;;;;;
992;;;;;;;;;;
993;;;;;;;;;;
994;;;;;;;;;;
995;;;;;;;;;;
996;;;;;;;;;;
997;;;;;;;;;;
998;;;;;;;;;;
999;;;;;;;;;;
1000;;;;;;;;;;
1001;;;;;;;;;;
1002;;;;;;;;;;
1003;;;;;;;;;;
1004;;;;;;;;;;
1005;;;;;;;;;;
1006;;;;;;;;;;
1007;;;;;;;;;;
1008;;;;;;;;;;
1009;;;;;;;;;;
1010;;;;;;;;;;
1011;;;;;;;;;;
1012;;;;;;;;;;
1013;;;;;;;;;;
1014;;;;;;;;;;
1015;;;;;;;;;;
1016;;;;;;;;;;
1017;;;;;;;;;;
1018;;;;;;;;;;
1019;;;;;;;;;;
1020;;;;;;;;;;
1021;;;;;;;;;;
1022;;;;;;;;;;
1023;;;;;;;;;;
1024;;;;;;;;;;
1025;;;;;;;;;;
1026;;;;;;;;;;
1027;;;;;;;;;;
1028;;;;;;;;;;
1029;;;;;;;;;;
1030;;;;;;;;;;
1031;;;;;;;;;;
1032;;;;;;;;;;
1033;;;;;;;;;;
1034;;;;;;;;;;
1035;;;;;;;;;;
1036;;;;;;;;;;
1037;;;;;;;;;;
1038;;;;;;;;;;
1039;;;;;;;;;;
1040;;;;;;;;;;
1041;;;;;;;;;;
1042;;;;;;;;;;
1043;;;;;;;;;;
1044;;;;;;;;;;
1045;;;;;;;;;;
1046;;;;;;;;;;
1047;;;;;;;;;;
1048;;;;;;;;;;
1049;;;;;;;;;;
1050;;;;;;;;;;
1051;;;;;;;;;;
1052;;;;;;;;;;
1053;;;;;;;;;;
1054;;;;;;;;;;
1055;;;;;;;;;;
1056;;;;;;;;;;
1057;;;;;;;;;;
1058;;;;;;;;;;
1059;;;;;;;;;;
1060;;;;;;;;;;
1061;;;;;;;;;;
1062;;;;;;;;;;
1063;;;;;;;;;;
1064;;;;;;;;;;
1065;;;;;;;;;;
1066;;;;;;;;;;
1067;;;;;;;;;;
1068;;;;;;;;;;
1069;;;;;;;;;;
1070;;;;;;;;;;
1071;;;;;;;;;;
1072;;;;;;;;;;
1073;;;;;;;;;;
1074;;;;;;;;;;
1075;;;;;;;;;;
1076;;;;;;;;;;
1077;;;;;;;;;;
1078;;;;;;;;;;
1079;;;;;;;;;;
1080;;;;;;;;;;
1081;;;;;;;;;;
1082;;;;;;;;;;
1083;;;;;;;;;;
1084;;;;;;;;;;
1085;;;;;;;;;;
1086;;;;;;;;;;
1087;;;;;;;;;;
1088;;;;;;;;;;
1089;;;;;;;;;;
1090;;;;;;;;;;
1091;;;;;;;;;;
1092;;;;;;;;;;
1093;;;;;;;;;;
1094;;;;;;;;;;
1095;;;;;;;;;;
1096;;;;;;;;;;
1097;;;;;;;;;;
1098;;;;;;;;;;
1099;;;;;;;;;;
1100;;;;;;;;;;
1101;;;;;;;;;;
1102;;;;;;;;;;
1103;;;;;;;;;;
1104;;;;;;;;;;
1105;;;;;;;;;;
1106;;;;;;;;;;
1107;;;;;;;;;;
1108;;;;;;;;;;
1109;;;;;;;;;;
1110;;;;;;;;;;
1111;;;;;;;;;;
1112;;;;;;;;;;
1113;;;;;;;;;;
1114;;;;;;;;;;
1115;;;;;;;;;;
1116;;;;;;;;;;
1117;;;;;;;;;;
1118;;;;;;;;;;
1119;;;;;;;;;;
1120;;;;;;;;;;
1121;;;;;;;;;;
1122;;;;;;;;;;
1123;;;;;;;;;;
1124;;;;;;;;;;
1125;;;;;;;;;;
1126;;;;;;;;;;
1127;;;;;;;;;;
1128;;;;;;;;;;
1129;;;;;;;;;;
1130;;;;;;;;;;
1131;;;;;;;;;;
1132;;;;;;;;;;
1133;;;;;;;;;;
1134;;;;;;;;;;
1135;;;;;;;;;;
1136;;;;;;;;;;
1137;;;;;;;;;;
1138;;;;;;;;;;
1139;;;;;;;;;;
1140;;;;;;;;;;
1141;;;;;;;;;;
1142;;;;;;;;;;
1143;;;;;;;;;;
1144;;;;;;;;;;
1145;;;;;;;;;;
1146;;;;;;;;;;
1147;;;;;;;;;;
1148;;;;;;;;;;
1149;;;;;;;;;;
1150;;;;;;;;;;
1151;;;;;;;;;;
1152;;;;;;;;;;
1153;;;;;;;;;;
1154;;;;;;;;;;
1155;;;;;;;;;;
1156;;;;;;;;;;
1157;;;;;;;;;;
1158;;;;;;;;;;
1159;;;;;;;;;;
1160;;;;;;;;;;
1161;;;;;;;;;;
1162;;;;;;;;;;
1163;;;;;;;;;;
1164;;;;;;;;;;
1165;;;;;;;;;;
1166;;;;;;;;;;
1167;;;;;;;;;;
1168;;;;;;;;;;
1169;;;;;;;;;;
1170;;;;;;;;;;
1171;;;;;;;;;;
1172;;;;;;;;;;
1173;;;;;;;;;;
1174;;;;;;;;;;
1175;;;;;;;;;;
1176;;;;;;;;;;
1177;;;;;;;;;;
1178;;;;;;;;;;
1179;;;;;;;;;;
1180;;;;;;;;;;
1181;;;;;;;;;;
1182;;;;;;;;;;
1183;;;;;;;;;;
1184;;;;;;;;;;
1185;;;;;;;;;;
1186;;;;;;;;;;
1187;;;;;;;;;;
1188;;;;;;;;;;
1189;;;;;;;;;;
1190;;;;;;;;;;
1191;;;;;;;;;;
1192;;;;;;;;;;
1193;;;;;;;;;;
1194;;;;;;;;;;
1195;;;;;;;;;;
1196;;;;;;;;;;
1197;;;;;;;;;;
1198;;;;;;;;;;
1199;;;;;;;;;;
1200;;;;;;;;;;
1201;;;;;;;;;;
1202;;;;;;;;;;
1203;;;;;;;;;;
1204;;;;;;;;;;
1205;;;;;;;;;;
1206;;;;;;;;;;
1207;;;;;;;;;;
1208;;;;;;;;;;
1209;;;;;;;;;;
1210;;;;;;;;;;
1211;;;;;;;;;;
1212;;;;;;;;;;
1213;;;;;;;;;;
1214;;;;;;;;;;
1215;;;;;;;;;;
1216;;;;;;;;;;
1217;;;;;;;;;;
1218;;;;;;;;;;
1219;;;;;;;;;;
1220;;;;;;;;;;
1221;;;;;;;;;;
1222;;;;;;;;;;
1223;;;;;;;;;;
1224;;;;;;;;;;
1225;;;;;;;;;;
1226;;;;;;;;;;
1227;;;;;;;;;;
1228;;;;;;;;;;
1229;;;;;;;;;;
1230;;;;;;;;;;
1231;;;;;;;;;;
1232;;;;;;;;;;
1233;;;;;;;;;;
1234;;;;;;;;;;
1235;;;;;;;;;;
1236;;;;;;;;;;
1237;;;;;;;;;;
1238;;;;;;;;;;
1239;;;;;;;;;;
1240;;;;;;;;;;
1241;;;;;;;;;;
1242;;;;;;;;;;
1243;;;;;;;;;;
1244;;;;;;;;;;
1245;;;;;;;;;;
1246;;;;;;;;;;
1247;;;;;;;;;;
1248;;;;;;;;;;
1249;;;;;;;;;;
1250;;;;;;;;;;
1251;;;;;;;;;;
1252;;;;;;;;;;
1253;;;;;;;;;;
1254;;;;;;;;;;
1255;;;;;;;;;;
1256;;;;;;;;;;
1257;;;;;;;;;;
1258;;;;;;;;;;
1259;;;;;;;;;;
1260;;;;;;;;;;
1261;;;;;;;;;;
1262;;;;;;;;;;
1263;;;;;;;;;;
1264;;;;;;;;;;
1265;;;;;;;;;;
1266;;;;;;;;;;
1267;;;;;;;;;;
1268;;;;;;;;;;
1269;;;;;;;;;;
1270;;;;;;;;;;
1271;;;;;;;;;;
1272;;;;;;;;;;
1273;;;;;;;;;;
1274;;;;;;;;;;
1275;;;;;;;;;;
1276;;;;;;;;;;
1277;;;;;;;;;;
1278;;;;;;;;;;
1279;;;;;;;;;;
1280;;;;;;;;;;
1281;;;;;;;;;;
1282;;;;;;;;;;
1283;;;;;;;;;;
1284;;;;;;;;;;
1285;;;;;;;;;;
1286;;;;;;;;;;
1287;;;;;;;;;;
1288;;;;;;;;;;
1289;;;;;;;;;;
1290;;;;;;;;;;
1291;;;;;;;;;;
1292;;;;;;;;;;
1293;;;;;;;;;;
1294;;;;;;;;;;
1295;;;;;;;;;;
1296;;;;;;;;;;
1297;;;;;;;;;;
1298;;;;;;;;;;
1299;;;;;;;;;;
1300;;;;;;;;;;
1301;;;;;;;;;;
1302;;;;;;;;;;
1303;;;;;;;;;;
1304;;;;;;;;;;
1305;;;;;;;;;;
1306;;;;;;;;;;
1307;;;;;;;;;;
1308;;;;;;;;;;
1309;;;;;;;;;;
1310;;;;;;;;;;
1311;;;;;;;;;;
1312;;;;;;;;;;
1313;;;;;;;;;;
1314;;;;;;;;;;
1315;;;;;;;;;;
1316;;;;;;;;;;
1317;;;;;;;;;;
1318;;;;;;;;;;
1319;;;;;;;;;;
1320;;;;;;;;;;
1321;;;;;;;;;;
1322;;;;;;;;;;
1323;;;;;;;;;;
1324;;;;;;;;;;
1325;;;;;;;;;;
1326;;;;;;;;;;
1327;;;;;;;;;;
1328;;;;;;;;;;
1329;;;;;;;;;;
1330;;;;;;;;;;
1331;;;;;;;;;;
1332;;;;;;;;;;
1333;;;;;;;;;;
1334;;;;;;;;;;
1335;;;;;;;;;;
1336;;;;;;;;;;
1337;;;;;;;;;;
1338;;;;;;;;;;
1339;;;;;;;;;;
1340;;;;;;;;;;
1341;;;;;;;;;;
1342;;;;;;;;;;
1343;;;;;;;;;;
1344;;;;;;;;;;
1345;;;;;;;;;;
1346;;;;;;;;;;
1347;;;;;;;;;;
1348;;;;;;;;;;
1349;;;;;;;;;;
1350;;;;;;;;;;
1351;;;;;;;;;;
1352;;;;;;;;;;
1353;;;;;;;;;;
1354;;;;;;;;;;
1355;;;;;;;;;;
1356;;;;;;;;;;
1357;;;;;;;;;;
1358;;;;;;;;;;
1359;;;;;;;;;;
1360;;;;;;;;;;
1361;;;;;;;;;;
1362;;;;;;;;;;
1363;;;;;;;;;;
1364;;;;;;;;;;
1365;;;;;;;;;;
1366;;;;;;;;;;
1367;;;;;;;;;;
1368;;;;;;;;;;
1369;;;;;;;;;;
1370;;;;;;;;;;
1371;;;;;;;;;;
1372;;;;;;;;;;
1373;;;;;;;;;;
1374;;;;;;;;;;
1375;;;;;;;;;;
1376;;;;;;;;;;
1377;;;;;;;;;;
1378;;;;;;;;;;
1379;;;;;;;;;;
1380;;;;;;;;;;
1381;;;;;;;;;;
1382;;;;;;;;;;
1383;;;;;;;;;;
1384;;;;;;;;;;
1385;;;;;;;;;;
1386;;;;;;;;;;
1387;;;;;;;;;;
1388;;;;;;;;;;
1389;;;;;;;;;;
1390;;;;;;;;;;
1391;;;;;;;;;;
1392;;;;;;;;;;
1393;;;;;;;;;;
1394;;;;;;;;;;
1395;;;;;;;;;;
1396;;;;;;;;;;
1397;;;;;;;;;;
1398;;;;;;;;;;
1399;;;;;;;;;;
1400;;;;;;;;;;
1401;;;;;;;;;;
1402;;;;;;;;;;
1403;;;;;;;;;;
1404;;;;;;;;;;
1405;;;;;;;;;;
1406;;;;;;;;;;
1407;;;;;;;;;;
1408;;;;;;;;;;
1409;;;;;;;;;;
1410;;;;;;;;;;
1411;;;;;;;;;;
1412;;;;;;;;;;
1413;;;;;;;;;;
1414;;;;;;;;;;
1415;;;;;;;;;;
1416;;;;;;;;;;
1417;;;;;;;;;;
1418;;;;;;;;;;
1419;;;;;;;;;;
1420;;;;;;;;;;
1421;;;;;;;;;;
1422;;;;;;;;;;
1423;;;;;;;;;;
1424;;;;;;;;;;
1425;;;;;;;;;;
1426;;;;;;;;;;
1427;;;;;;;;;;
1428;;;;;;;;;;
1429;;;;;;;;;;
1430;;;;;;;;;;
1431;;;;;;;;;;
1432;;;;;;;;;;
1433;;;;;;;;;;
1434;;;;;;;;;;
1435;;;;;;;;;;
1436;;;;;;;;;;
1437;;;;;;;;;;
1438;;;;;;;;;;
1439;;;;;;;;;;
1440;;;;;;;;;;
1441;;;;;;;;;;
1442;;;;;;;;;;
1443;;;;;;;;;;
1444;;;;;;;;;;
1445;;;;;;;;;;
1446;;;;;;;;;;
1447;;;;;;;;;;
1448;;;;;;;;;;
1449;;;;;;;;;;
1450;;;;;;;;;;
1451;;;;;;;;;;
1452;;;;;;;;;;
1453;;;;;;;;;;
1454;;;;;;;;;;
1455;;;;;;;;;;
1456;;;;;;;;;;
1457;;;;;;;;;;
1458;;;;;;;;;;
1459;;;;;;;;;;
1460;;;;;;;;;;
1461;;;;;;;;;;
1462;;;;;;;;;;
1463;;;;;;;;;;
1464;;;;;;;;;;
1465;;;;;;;;;;
1466;;;;;;;;;;
1467;;;;;;;;;;
1468;;;;;;;;;;
1469;;;;;;;;;;
1470;;;;;;;;;;
1471;;;;;;;;;;
1472;;;;;;;;;;
1473;;;;;;;;;;
1474;;;;;;;;;;
1475;;;;;;;;;;
1476;;;;;;;;;;
1477;;;;;;;;;;
1478;;;;;;;;;;
1479;;;;;;;;;;
1480;;;;;;;;;;
1481;;;;;;;;;;
1482;;;;;;;;;;
1483;;;;;;;;;;
1484;;;;;;;;;;
1485;;;;;;;;;;
1486;;;;;;;;;;
1487;;;;;;;;;;
1488;;;;;;;;;;
1489;;;;;;;;;;
1490;;;;;;;;;;
1491;;;;;;;;;;
1492;;;;;;;;;;
1493;;;;;;;;;;
1494;;;;;;;;;;
1495;;;;;;;;;;
1496;;;;;;;;;;
1497;;;;;;;;;;
1498;;;;;;;;;;
1499;;;;;;;;;;
1500;;;;;;;;;;
1501;;;;;;;;;;
1502;;;;;;;;;;
1503;;;;;;;;;;
1504;;;;;;;;;;
1505;;;;;;;;;;
1506;;;;;;;;;;
1507;;;;;;;;;;
1508;;;;;;;;;;
1509;;;;;;;;;;
1510;;;;;;;;;;
1511;;;;;;;;;;
1512;;;;;;;;;;
1513;;;;;;;;;;
1514;;;;;;;;;;
1515;;;;;;;;;;
1516;;;;;;;;;;
1517;;;;;;;;;;
1518;;;;;;;;;;
1519;;;;;;;;;;
1520;;;;;;;;;;
1521;;;;;;;;;;
1522;;;;;;;;;;
1523;;;;;;;;;;
1524;;;;;;;;;;
1525;False;q2a;p_hospital_healthy_30;Media and Health Beliefs;Subjective Risk of Hospitalization;How big do you think the chances are that an otherwise healthy 30 year old will have to go to the hospital?;Categorical;not at all likely, very unlikely, rather unlikely, moderately likely, rather likely, very likely, certain;True;Healthy Adult
1526;False;q2b;p_die_healthy_30;Media and Health Beliefs;Subjective Risk of Death;How big do you think the chances are that an otherwise healthy 30 year old will die?;Categorical;not at all likely, very unlikely, rather unlikely, moderately likely, rather likely, very likely, certain;True;Healthy Adult
1527;False;q2c1;p_hospital_healthy_75;Media and Health Beliefs;Subjective Risk of Hospitalization;How big do you think the chances are that an otherwise healthy 75 year old will have to go to the hospital?;Categorical;not at all likely, very unlikely, rather unlikely, moderately likely, rather likely, very likely, certain;True;Healthy Old
1528;False;q2d1;p_die_healthy_75;Media and Health Beliefs;Subjective Risk of Death;How big do you think the chances are that an otherwise healthy 75 year old will die?;Categorical;not at all likely, very unlikely, rather unlikely, moderately likely, rather likely, very likely, certain;True;Healthy Old
1529;False;q2e1;p_hospital_healthy_5;Media and Health Beliefs;Subjective Risk of Hospitalization;How big do you think the chances are that an otherwise healthy 5 year old will have to go to the hospital?;Categorical;not at all likely, very unlikely, rather unlikely, moderately likely, rather likely, very likely, certain;True;Healthy Child
1530;False;q2f1;p_die_healthy_5;Media and Health Beliefs;Subjective Risk of Death;How big do you think the chances are that an otherwise healthy 5 year old will die?;Categorical;not at all likely, very unlikely, rather unlikely, moderately likely, rather likely, very likely, certain;True;Healthy Child 
1531;False;q2g1;p_hospital_preexist_30;Media and Health Beliefs;Subjective Risk of Hospitalization;How big do you think the chances are that an 30 year old with diabetes and chronic cardiovascular disease will have to go to the hospital?;Categorical;not at all likely, very unlikely, rather unlikely, moderately likely, rather likely, very likely, certain;True;Predisposed Adult
1532;False;q2h1;p_die_preexist_30;Media and Health Beliefs;Subjective Risk of Death;How big do you think the chances are that an 30 year old with diabetes and chronic cardiovascular disease will die?;Categorical;not at all likely, very unlikely, rather unlikely, moderately likely, rather likely, very likely, certain;True;Predisposed Adult
1533;False;q2i1;p_hospital_preexist_75;Media and Health Beliefs;Subjective Risk of Hospitalization;How big do you think the chances are that an 75 year old with diabetes and chronic cardiovascular disease will have to go to the hospital?;Categorical;not at all likely, very unlikely, rather unlikely, moderately likely, rather likely, very likely, certain;True;Predisposed Old
1534;False;q2j1;p_die_preexist_75;Media and Health Beliefs;Subjective Risk of Death;How big do you think the chances are that an 75 year old with diabetes and chronic cardiovascular disease will die?;Categorical;not at all likely, very unlikely, rather unlikely, moderately likely, rather likely, very likely, certain;True;Predisposed Old
1535;True;q3__1;avoid_busy_places;Compliance;Social Distancing;I have avoided certain (busy) places.;bool;;;Avoid Crowds
1536;False;q3__2;avoid_public_places;Compliance;Social Distancing;I have avoided public places.;bool;;;Avoid Places
1537;True;q3__3;maintain_distance;Compliance;Social Distancing;I have kept a physical distance from other people (> 1.5m).;bool;;;Distance
1538;True;q3__4;adjust_school_work;Compliance;Social Distancing;I have adjusted my school / work situation.;bool;;;Adjust Work
1539;True;;wash_hands_more;Compliance;Hygiene;I have washed my hands more often and for longer.;bool;;;Wash Hands
1540;True;;use_desinfectant;Compliance;Hygiene;I have used desinfectant.;bool;;;Desinfectant
1541;True;;stock_groceries;Compliance;Hygiene;I have increased my stock of groceries and/or water.;bool;;;Stockpile
1542;True;;reduce_contacts;Compliance;Social Distancing;I have reduced personal meetings and contacts.;bool;;;Less Contact
1543;True;;wear_mask;Compliance;Hygiene;I have worn a face or mouth mask.;bool;;;Wear Mask
1544;True;;other_behaviors;Skip;Skip;Other: ;str;;;Other
1545;True;q3__7;no_health_behaviors;Compliance;Social Distancing;I have done none of the above.;bool;;;No Changes
1546;True;q6a;effect_close_schools;Policy;Subjective Effectiveness of Policies;How effective do you think school and pre-k closures are in fighting the spread of coronavirus?;Categorical;not effective at all, hardly effective, somewhat effective, effective, very effective;True;Close Schools
1547;True;q6b;effect_close_sports;Policy;Subjective Effectiveness of Policies;How effective do you think is it to close sport establishments to fight the spread of coronavirus?;Categorical;not effective at all, hardly effective, somewhat effective, effective, very effective;True;Close Sports
1548;True;q6c;effect_close_food_service;Policy;Subjective Effectiveness of Policies;How effective do you think is it to close bars, cafes and restaurants to fight the spread of coronavirus?;Categorical;not effective at all, hardly effective, somewhat effective, effective, very effective;True;Close Eateries
1549;True;q6d;effect_close_most_stores;Policy;Subjective Effectiveness of Policies;How effective do you think is it to close all stores except grocery stores and pharmacies to fight the spread of coronavirus?;Categorical;not effective at all, hardly effective, somewhat effective, effective, very effective;True;Close Shops
1550;True;q6e;effect_forbid_hospital_visits;Policy;Subjective Effectiveness of Policies;How effective do you think is it to forbid visits to hospitals, nursing homes and retirement homes to fight the spread of coronavirus?;Categorical;not effective at all, hardly effective, somewhat effective, effective, very effective;True;No Hospital Visits
1551;True;q6f;effect_curfew_vulnerable;Policy;Subjective Effectiveness of Policies;How effective do you think is it to enact a curfew (except on grocery shopping and necessary medical procedures) on over 70 year olds and people with preexisting conditions to fight the spread of coronavirus?;Categorical;not effective at all, hardly effective, somewhat effective, effective, very effective;True;Curfew Elderly
1552;True;q6g;effect_curfew_for_most;Policy;Subjective Effectiveness of Policies;How effective do you think is it to enact a curfew (except on grocery shopping and necessary medical procedures) on everyone except for people in critical professions to fight the spread of coronavirus?;Categorical;not effective at all, hardly effective, somewhat effective, effective, very effective;True;Curfew Most
1553;True;;comply_bc_civic_cat;Compliance;Reasons for Complying with Curfew;I would comply with a curfew because I see it as my civic duty.;Categorical;don't agree at all, somewhat disagree, neither disagree nor agree, agree somewhat, agree fully;True;Civic Duty
1554;True;;comply_bc_fear_punished_cat;Compliance;Reasons for Complying with Curfew;I would comply with a curfew out of fear of being punished.;Categorical;don't agree at all, somewhat disagree, neither disagree nor agree, agree somewhat, agree fully;True;Punishment
1555;True;;comply_bc_protect_self_cat;Compliance;Reasons for Complying with Curfew;I would comply with a curfew to protect myself from being infected.;Categorical;don't agree at all, somewhat disagree, neither disagree nor agree, agree somewhat, agree fully;True;Protect Self
1556;True;;comply_bc_protect_close_cat;Compliance;Reasons for Complying with Curfew;I would comply with a curfew to protect those close to me.;Categorical;don't agree at all, somewhat disagree, neither disagree nor agree, agree somewhat, agree fully;True;Protect Close
1557;True;;comply_bc_protect_all_cat;Compliance;Reasons for Complying with Curfew;I would comply with a curfew to protect others in general.;Categorical;don't agree at all, somewhat disagree, neither disagree nor agree, agree somewhat, agree fully;True;Protect Others
1558;True;;comply_bc_vulnerable_cat;Compliance;Reasons for Complying with Curfew;I would comply with a curfew to protect vulnerable groups.;Categorical;don't agree at all, somewhat disagree, neither disagree nor agree, agree somewhat, agree fully;True;Protect Vulnerable
1559;True;;disobey_bc_freedom_cat;Compliance;Reasons for Disobeying a Curfew;I would disobey a curfew because I don't accept such drastic infringements of my liberties;Categorical;don't agree at all, somewhat disagree, neither disagree nor agree, agree somewhat, agree fully;True;Liberty
1560;True;;disobey_bc_unjustified_cat;Compliance;Reasons for Disobeying a Curfew;I would disobey a curfew because I don't believe such drastic infringements are justified to stop the spread of coronavirus.;Categorical;don't agree at all, somewhat disagree, neither disagree nor agree, agree somewhat, agree fully;True;Unjustified
1561;True;;disobey_bc_obligations_cat;Compliance;Reasons for Disobeying a Curfew;I would disobey a curfew because I have obligations for which I cannot follow the curfew.;Categorical;don't agree at all, somewhat disagree, neither disagree nor agree, agree somewhat, agree fully;True;Obligations
1562;True;;disobey_bc_ineffective_cat;Compliance;Reasons for Disobeying a Curfew;I would disobey a curfew because I don't believe that a curfew will slow the spread of coronavirus.;Categorical;don't agree at all, somewhat disagree, neither disagree nor agree, agree somewhat, agree fully;True;Ineffective
1563;True;;disobey_bc_unaffected_cat;Compliance;Reasons for Disobeying a Curfew;I would disobey a curfew because I don't believe I will be affected by the outbreak.;Categorical;don't agree at all, somewhat disagree, neither disagree nor agree, agree somewhat, agree fully;True;Unaffected
1564;True;;disobey_bc_bored_cat;Compliance;Reasons for Disobeying a Curfew;I would disobey a curfew because it would be too boring to stay home all the time.;Categorical;don't agree at all, somewhat disagree, neither disagree nor agree, agree somewhat, agree fully;True;Bored
1565;True;;disobey_bc_not_punish_cat;Compliance;Reasons for Disobeying a Curfew;I would disobey a curfew because I don't believe that I would be punished.;Categorical;don't agree at all, somewhat disagree, neither disagree nor agree, agree somewhat, agree fully;True;No Punishment
1566;True;q33a;medical_meas_approp;Policy;Appropriateness of Policies;Has the federal government taken enough action to safeguard medical coverage to fight the current pandemic?;Categorical;too few, rather too few, right amount, rather too many, too many ;True;Medical System
1567;True;q33b;restrict_public_life_approp;Policy;Appropriateness of Policies;Has the federal government taken enough action in restricting public life to fight the current pandemic?;Categorical;too few, rather too few, right amount, rather too many, too many ;True;Public Life
1568;True;q33c;econ_mitigation_approp;Policy;Appropriateness of Policies;Has the federal government taken enough action to mitigate the economic repercussions to fight the current pandemic?;Categorical;too few, rather too few, right amount, rather too many, too many ;True;Help Economy
1569;True;q33d;communication_aprrop;Policy;Appropriateness of Policies;Has the federal government taken enough action communicating with the general public to fight the current pandemic?;Categorical;too few, rather too few, right amount, rather too many, too many ;True;Communication
1570;True;;trust_physician;Mental Health and Trust;Trust in Health System;How much do you trust your family physician in handling the coronavirus?;Categorical;don't trust at all, somewhat don't trust, neutral, trust somewhat, trust fully, don't know;True;Family Physician
1571;True;;trust_local_health_auth;Mental Health and Trust;Trust in Health System;How much do you trust your local health authority in handling the coronavirus?;Categorical;don't trust at all, somewhat don't trust, neutral, trust somewhat, trust fully, don't know;True;Health Officials
1572;True;;trust_municipality;Mental Health and Trust;Trust in Government;How much do you trust your municipal administration in handling the coronavirus?;Categorical;don't trust at all, somewhat don't trust, neutral, trust somewhat, trust fully, don't know;True;Municipality
1573;True;;trust_cdc;Mental Health and Trust;Trust in Health System;How much do you trust your federal center for disease control and prevention in handling the coronavirus?;Categorical;don't trust at all, somewhat don't trust, neutral, trust somewhat, trust fully, don't know;True;CDC
1574;True;;trust_fed_gov;Mental Health and Trust;Trust in Government;How much do you trust the federal government in handling the coronavirus?;Categorical;don't trust at all, somewhat don't trust, neutral, trust somewhat, trust fully, don't know;True;Government
1575;True;;trust_head_of_state;Mental Health and Trust;Trust in Government;How much do you trust your head of state in handling the coronavirus?;Categorical;don't trust at all, somewhat don't trust, neutral, trust somewhat, trust fully, don't know;True;Prime Minister
1576;True;;trust_health_ministry;Mental Health and Trust;Trust in Government;How much do you trust your health ministry in handling the coronavirus?;Categorical;don't trust at all, somewhat don't trust, neutral, trust somewhat, trust fully, don't know;True;Health Ministry
1577;True;;trust_who;Mental Health and Trust;Trust in Health System;How much do you trust the World Health Organization in handling the coronavirus?;Categorical;don't trust at all, somewhat don't trust, neutral, trust somewhat, trust fully, don't know;True;Health System
1578;True;;trust_scientists;Mental Health and Trust;Trust in Health System;How much do you trust scientific experts in handling the coronavirus?;Categorical;don't trust at all, somewhat don't trust, neutral, trust somewhat, trust fully, don't know;True;Scientists
1579;False;TRUE;satisfac_gov;Mental Health and Trust;Trust in Government;In general, how confident are you in the government?;Categorical;1 no confidence at all, 2, 3, 4, 5 very confident;True;Confidence
1580;True;FALSE;labor_status_gesis;Background Variables;Background Variables;Which of the following options describes your work situation at the beginning of March 2020 best?;Categorical;employed, self-emplyed, marginally employed, unemployed, retired, student or trainee, homemaker, other;False;Work Situation
1581;False;q13;labor_status_liss;Background Variables;Background Variables;Which of the following options describes your work situation at the beginning of March 2020 best?;Categorical;employed, self-emplyed, unemployed, retired, social assistance, student or trainee, homemaker;False;Work Situation
1582;True;;empl_work_less;Economic Adjustments;Work Adjustments;My designated working hours have declined.;bool;;;Work Less
1583;True;;empl_work_more;Economic Adjustments;Work Adjustments;My designated working hours have increased.;bool;;;Work More
1584;True;;empl_work_home;Economic Adjustments;Work Adjustments;I am working more from home.;bool;;;Work More At Home
1585;True;;empl_exemp_pay;Economic Adjustments;Work Adjustments;I am exempted from work with pay.;bool;;;Paid Exempt
1586;True;;empl_exemp_no_pay;Economic Adjustments;Work Adjustments;I am exempted from work without pay.;bool;;;Unpaid Exempt
1587;True;;empl_lost_job;Economic Adjustments;Work Adjustments;I have lost my job.;bool;;;Lost Job
1588;True;;empl_no_change;Economic Adjustments;Work Adjustments;No, my work situation has remained the same.;bool;;;No Change
1589;True;;selfempl_work_less;Economic Adjustments;Work Adjustments;My working hours have declined.;bool;;;Work Less
1590;True;;selfempl_work_more;Economic Adjustments;Work Adjustments;My working hours have increased.;bool;;;Work More
1591;True;;selfempl_work_home;Economic Adjustments;Work Adjustments;I am working more from home.;bool;;;Work At Home
1592;True;;selfempl_lower_rev;Economic Adjustments;Work Adjustments;My revenue has fallen.;bool;;;Lower Revenue
1593;True;;selfempl_higher_rev;Economic Adjustments;Work Adjustments;My revenue has increased.;bool;;;Higher Revenue
1594;True;;selfempl_must_close;Economic Adjustments;Work Adjustments;I have closed my business due to an administrative order.;bool;;;Forced To Close
1595;True;;selfempl_free_close;Economic Adjustments;Work Adjustments;I have voluntarily closed my business temporarily.;bool;;;Closed By Choice
1596;True;;selfempl_finance_distress;Economic Adjustments;Work Adjustments;My business is in financial distress because of the current crisis.;bool;;;Financial Trouble
1597;True;;selfempl_give_up;Economic Adjustments;Work Adjustments;I had to permanently close my business or file for bankruptcy.;bool;;;Bankrupt
1598;True;;selfempl_no_change;Economic Adjustments;Work Adjustments;No, my business has remained stable.;bool;;;No Change 
1599;True;;has_children;Background Variables;Background Variables;Are there children below the age of 12 years old in your household?;bool;;;Has Children
1600;False;q22;nr_children;Background Variables;Background Variables;How many children are below the age of 12 years old in your household?;int;;;How Many Children
1601;True;q23__1;cc_self_home;Economic Adjustments;Childcare Adjustments;I stay home to care for the child(ren).;bool;;;Self
1602;True;q23__2;cc_partner_home;Economic Adjustments;Childcare Adjustments;My partner stays home to care for the child(ren).;bool;;;Partner
1603;True;q23__3;cc_older_siblings;Economic Adjustments;Childcare Adjustments;The older siblings care for the younger children.;bool;;;Older Siblings
1604;True;q23__4;cc_grand_parents;Economic Adjustments;Childcare Adjustments;The grandparents care for the children.;bool;;;Grandparents
1605;True;q23__5;cc_other_relatives;Economic Adjustments;Childcare Adjustments;Other relatives or friends care for the children.;bool;;;Other Relatives
1606;True;q23__6;cc_share_neighbors;Economic Adjustments;Childcare Adjustments;I organize child care with friends / neighbors together.;bool;;;With Neighbors
1607;True;q23__7;cc_state;Economic Adjustments;Childcare Adjustments;The state organizes child care for my profession.;bool;;;State Organized
1608;True;q23__8;cc_ex_partner;Economic Adjustments;Childcare Adjustments;My ex-partner cares for the children.;bool;;;Ex Partner
1609;True;q23__9;cc_home_alone;Economic Adjustments;Childcare Adjustments;The child(ren) stay(s) at home alone.;bool;;;Children Alone
1610;True;q23and;cc_other;Skip;Skip;other;str;;;
1611;True;;cc_no_change;Economic Adjustments;Childcare Adjustments;Nothing has changed because of the current epidemic;bool;;;No Change 
1612;False;q24;cc_emergency_help;Economic Adjustments;Childcare Adjustments;Are you well helped with this emergency (child) care?;Categorical;1 no not at all, 2, 3, 4, 5 yes very good;True;State Care Helps
1613;False;q25open;cc_comment;Skip;Skip;If you want to say something about this emergency (child) care, maybe about what you think could be improved, you can put it here;str;;;Comment Childcare
1614;True;;national_public_tv;Media and Health Beliefs;Media Diet;Receive information on coronavirus (online or offline) from national public TV or radio.;bool;;;Public TV
1615;True;;national_private_tv;Media and Health Beliefs;Media Diet;Receive information on coronavirus (online or offline) from national private TV or radio.;bool;;;Private TV
1616;True;;national_newspaper;Media and Health Beliefs;Media Diet;Receive information on coronavirus (online or offline) from national newspaper.;bool;;;Newspaper
1617;True;;local_public_tv;Media and Health Beliefs;Media Diet;Receive information on coronavirus (online or offline) from local public TV or radio.;bool;;;Local Public TV
1618;True;;local_private_tv;Media and Health Beliefs;Media Diet;Receive information on coronavirus (online or offline) from local private TV or radio.;bool;;;Local Private TV
1619;True;;facebook;Media and Health Beliefs;Media Diet;Receive information on coronavirus (online or offline) from local newspaper.;bool;;;Local Newspaper
1620;True;;other_social_media;Media and Health Beliefs;Media Diet;Receive information on coronavirus from facebook.;bool;;;Facebook
1621;True;;acquaintances;Media and Health Beliefs;Media Diet;Receive information on coronavirus (online or offline) from friends and family.;bool;;;Acquaintances 
1622;True;;other_source;Media and Health Beliefs;Media Diet;Receive information on coronavirus (online or offline) from other source.;str;;;Other
1623;True;;not_informed;Media and Health Beliefs;Media Diet;I do not seek out information on this topic.;bool;;;Uninformed
1624;True;;fb_use_intensity;Media and Health Beliefs;Facebook Usage;How often do you use facebook?;Categorical;less often, several times per month, several times per week, daily;True;Intensity
1625;True;;fb_local_page;Media and Health Beliefs;Facebook Usage;Have you obtained information on the coronavirus from a facebook page?;bool;;;Info From Page
1626;True;;fb_local_group;Media and Health Beliefs;Facebook Usage;Have you obtained information on the coronavirus from a facebook group?;bool;;;Info From Group
1627;True;;no_info_from_page_or_group;Media and Health Beliefs;Facebook Usage;No, I do not obtain information on the coronavirus from a facebook page or facebook group.;bool;;;Neither
1628;True;eva2h;liked_survey;Skip;Skip;How did you like this survey overall?;Categorical;not at all, not very much, average, good, very good;True;
1629;True;;liked_that_survey_on_topic;Skip;Skip;How did you like that we invited you to a special survey on this topic?;Categorical;not at all, not very much, average, good, very good;True;
1630;True;note;remarks;Skip;Skip;Do you have any remarks or would like to add something to the special survey on the topic of coronavirus?;str;;;
1631;False;q4a;effect_mask;Media and Health Beliefs;Subjective Effectiveness of Health Behaviors;In your opinion, how effective is wearing a mask when it comes to protecting yourself against the coronavirus?;Categorical;not effective at all, hardly effective, somewhat effective, effective, very effective;True;Wear Mask
1632;False;q4b;effect_pray;Media and Health Beliefs;Subjective Effectiveness of Health Behaviors;In your opinion, how effective is praying when it comes to protecting yourself against the coronavirus?;Categorical;not effective at all, hardly effective, somewhat effective, effective, very effective;True;Pray 
1633;False;q4c;effect_wash_hands;Media and Health Beliefs;Subjective Effectiveness of Health Behaviors;In your opinion, how effective is washing your hands or using desinfectant when it comes to protecting yourself against the coronavirus?;Categorical;not effective at all, hardly effective, somewhat effective, effective, very effective;True;Wash Or Disinfect
1634;False;q4d;effect_doctor_ill;Media and Health Beliefs;Subjective Effectiveness of Health Behaviors;In your opinion, how effective is calling a physician if you are ill when it comes to protecting yourself against the coronavirus?;Categorical;not effective at all, hardly effective, somewhat effective, effective, very effective;True;Physician (Ill)
1635;False;q4e;effect_doctor_healthy;Media and Health Beliefs;Subjective Effectiveness of Health Behaviors;In your opinion, how effective is calling a physician if you don't feel ill but are worried when it comes to protecting yourself against the coronavirus?;Categorical;not effective at all, hardly effective, somewhat effective, effective, very effective;True;Physician (Well)
1636;False;q4f;effect_avoid_public;Media and Health Beliefs;Subjective Effectiveness of Social Distancing;In your opinion, how effective is avoiding public places when it comes to protecting yourself against the coronavirus?;Categorical;not effective at all, hardly effective, somewhat effective, effective, very effective;True;Avoid Public
1637;False;q4g;effect_avoid_vulnerable;Media and Health Beliefs;Subjective Effectiveness of Social Distancing;In your opinion, how effective is avoiding vulnerable people when it comes to protecting yourself against the coronavirus?;Categorical;not effective at all, hardly effective, somewhat effective, effective, very effective;True;Avoid Vulnerable
1638;False;q4h;effect_avoid_hospital;Media and Health Beliefs;Subjective Effectiveness of Social Distancing;In your opinion, how effective is avoiding visiting others in the hospital or retirement homes when it comes to protecting yourself against the coronavirus?;Categorical;not effective at all, hardly effective, somewhat effective, effective, very effective;True;No Hospital Visits
1639;False;q4i;effect_avoid_gastro;Media and Health Beliefs;Subjective Effectiveness of Social Distancing;In your opinion, how effective is avoiding cafes and restaurants when it comes to protecting yourself against the coronavirus?;Categorical;not effective at all, hardly effective, somewhat effective, effective, very effective;True;Avoid Eateries
1640;False;q4j;effect_avoid_public_transp;Media and Health Beliefs;Subjective Effectiveness of Social Distancing;In your opinion, how effective is avoiding public transport when it comes to protecting yourself against the coronavirus?;Categorical;not effective at all, hardly effective, somewhat effective, effective, very effective;True;No Public Transport
1641;False;q5;contact_older_people;Compliance;Contact with the Elderly;Have you had personal, social contact with older people in the past seven days?;Categorical;Not at all, hardly, some contact, much contact, very much contact;True;Contact With Old
1642;False;q8a;supp_close_schools;Policy;Support for Policies;Under the current circumstances, do you disagree or agree with the following (possible) policies against spreading the coronavirus? All kindergardens and schools have to stay closed.;Categorical;totally disagree, disagree, neutral, agree, totally agree;True;Close Schools
1643;False;q8b;supp_close_cafes;Policy;Support for Policies;Under the current circumstances, do you disagree or agree with the following (possible) policies against spreading the coronavirus? All cafes and restaurants have to stay closed.;Categorical;totally disagree, disagree, neutral, agree, totally agree;True;Close Eateries 
1644;False;q8c;supp_close_most_shops;Policy;Support for Policies;Under the current circumstances, do you disagree or agree with the following (possible) policies against spreading the coronavirus? All shops except for supermarkets and pharmacies have to stay closed.;Categorical;totally disagree, disagree, neutral, agree, totally agree;True;Close Shops
1645;False;q8d;supp_no_visitors;Policy;Support for Policies;Under the current circumstances, do you disagree or agree with the following (possible) policies against spreading the coronavirus? No visitors in hospitals and elderly homes.;Categorical;totally disagree, disagree, neutral, agree, totally agree;True;No Hospital Visits
1646;False;q8e;supp_curfew_vulnerable;Policy;Support for Policies;Under the current circumstances, do you disagree or agree with the following (possible) policies against spreading the coronavirus? People aged 70 and over or with a medical condition have to stay at home except to do basic shopping or for urgent medical attention.;Categorical;totally disagree, disagree, neutral, agree, totally agree;True;Curfew Elderly
1647;False;q8f;supp_curfew_non_crucial;Policy;Support for Policies;Under the current circumstances, do you disagree or agree with the following (possible) policies against spreading the coronavirus? Everyone who does not work in a crucial profession has to stay at home except to do basic shopping or for urgent medical attention.;Categorical;totally disagree, disagree, neutral, agree, totally agree;True;Curfew Most
1648;False;q7;duration_restrictions;Economic Expectations;Expected Duration of Restrictions;Until when do you think that the restrictions that exist now will remain in effect?;Categorical;until April 6, btw. April 6 and 2 months, btw. 2 and 4 months, btw. 4 and 8 months, btw. 8 and 12 months, for more than 1 year;True;Duration
1649;False;q11__1;comply_bc_civic;Compliance;Reasons for Complying with Curfew;I would comply with a curfew because I see it as my civic duty.;bool;;;Civic Duty
1650;False;q11__2;comply_bc_fear_punished;Compliance;Reasons for Complying with Curfew;I would comply with a curfew out of fear of being punished.;bool;;;Punishment
1651;False;q11__3;comply_bc_protect_self;Compliance;Reasons for Complying with Curfew;I would comply with a curfew to protect myself from being infected.;bool;;;Protect Self
1652;False;q11__4;comply_bc_protect_close;Compliance;Reasons for Complying with Curfew;I would comply with a curfew to protect those close to me.;bool;;;Protect Close
1653;False;q11__5;comply_bc_protect_all;Compliance;Reasons for Complying with Curfew;I would comply with a curfew to protect others in general.;bool;;;Protect Others
1654;False;q11__6;comply_bc_vulnerable;Compliance;Reasons for Complying with Curfew;I would comply with a curfew to protect vulnerable groups.;bool;;;Protect Vulnerable
1655;False;q11and;comply_bc_other;Skip;Skip;I would comply with a curfew because of another resaon, namely:;str;;;
1656;False;q12__1;disobey_bc_freedom;Compliance;Reasons for Disobeying a Curfew;I would disobey a curfew because I don't accept such drastic infringements of my liberties;bool;;;Liberty
1657;False;q12__2;disobey_bc_not_punish;Compliance;Reasons for Disobeying a Curfew;I would disobey a curfew because I don't believe that I would be punished.;bool;;;No Punishment
1658;False;q12__3;disobey_bc_unjustified;Compliance;Reasons for Disobeying a Curfew;I would disobey a curfew because I don't believe such drastic infringements are justified to stop the spread of coronavirus.;bool;;;Unjustified
1659;False;q12__4;disobey_bc_obligations;Compliance;Reasons for Disobeying a Curfew;I would disobey a curfew because I have obligations for which I cannot follow the curfew.;bool;;;Obligations
1660;False;q12__5;disobey_bc_ineffective;Compliance;Reasons for Disobeying a Curfew;I would disobey a curfew because I don't believe that a curfew will slow the spread of coronavirus.;bool;;;Ineffective
1661;False;q12__6;disobey_bc_unaffected;Compliance;Reasons for Disobeying a Curfew;I would disobey a curfew because I don't believe I will be affected by the outbreak.;bool;;;Unaffected
1662;False;q12__7;disobey_bc_bored;Compliance;Reasons for Disobeying a Curfew;I would disobey a curfew because it would be too boring to stay home all the time.;bool;;;Bored
1663;False;q12and;disobey_bc_other;Skip;Skip;I would disobey a curfew because of another reason, namely: ;str;;;Other
1664;False;TRUE;workplace_h_before;Economic Adjustments;Working Hours;On average, how many hours per week did you work at your workplace in early March?;int;;;At Office Before
1665;False;TRUE;home_h_before;Economic Adjustments;Working Hours;On average, how many hours per week did you work at home in early March?;int;;;At Home Before
1666;False;TRUE;workplace_h_after;Economic Adjustments;Working Hours;On average, how many hours per week did you work at your workplace in the past seven days?;int;;;At Office Now
1667;False;TRUE;home_h_after;Economic Adjustments;Working Hours;On average, how many hours per week did you work at home  in the past seven days?;int;;;At Home Now
1668;False;q15__1;not_work_lessbusiness;Economic Adjustments;Reasons for Not Working;Less business activity in the company where I work.;bool;;;Less Business
1669;False;q15__2;not_work_care;Economic Adjustments;Reasons for Not Working;Must take care of people (children, parents) who depend on me.;bool;;;Provide Care
1670;False;q15__3;not_work_fear_corona;Economic Adjustments;Reasons for Not Working;I go to my workplace less because of fear of being infected by the coronavirus and not able to work at home.;bool;;;Fear Of Infection
1671;False;q15__4;not_work_emp_corona;Economic Adjustments;Reasons for Not Working;Because of the risk of infection, my employer postponed work.;bool;;;Work Suspended
1672;False;q15__5;not_work_fired;Economic Adjustments;Reasons for Not Working;I got fired;bool;;;Fired
1673;False;q15and;not_work_other;Skip;Skip;Otherwise, namely:;str;;;Other
1674;False;q16__1;less_work_lessbusiness;Economic Adjustments;Reasons for Working Less;Less business activity in the company where I work;bool;;;Less Business
1675;False;q16__2;less_work_care;Economic Adjustments;Reasons for Working Less;Must take care of people (children, parents) who depend on me;bool;;;Provide Care
1676;False;q16__3;less_work_fear_corona;Economic Adjustments;Reasons for Working Less;I go to my workplace less because of fear of being infected by the coronavirus and not able to work at home.;bool;;;Fear Of Infection
1677;False;q16__4;less_work_emp_corona;Economic Adjustments;Reasons for Working Less;Because of the risk of infection, my employer has decided that less work take place.;bool;;;Work Suspended
1678;False;q16and;less_work_other;Skip;Skip;Otherwise, namely:;str;;;Other
1679;False;q17__1;selfempl_less_bc_business;Economic Adjustments;Reasons for Working Less;Less business activity in my company.;bool;;;Less Business
1680;False;q17__2;selfempl_less_bc_care;Economic Adjustments;Reasons for Working Less;Must take care of people (children, parents) who depend on me.;bool;;;Provide Care
1681;False;q17__3;selfempl_less_bc_closure;Economic Adjustments;Reasons for Working Less;The entire company is closed (for now) due to the risk of contamination.;bool;;;Company Closed
1682;False;q17and;selfempl_less_bc_other;Skip;Skip;Otherwise, namely:;str;;;Other
1683;False;q18;contact_workers;Compliance;Contact with Workers or Students;How often do you have personal, social contacts with people who now work or study?;Categorical;Never, once a week, several times a week, every day;;Contact Adults
1684;False;q19;health_skills;Skip;Skip;Do you have a background or skill that can be immediately used by hospitals or healthcare to fight the coronavirus?;Categorical;No unable, no lacking skills, medical training, social work training, organizational skills;;Health Skills
1685;False;q20;prepared_to_help;Skip;Skip;Suppose the healthcare system is overloaded by patients infected with the coronavirus. To what extent are you willing to volunteer in hospitals or retirement homes and care for people who are very ill from the coronavirus, even if that means that you are likely to contract the virus yourself?;Categorical;0 not prepared at all, 1, 2, 3, 4, 5, 6, 7, 8, 9, 10 definitely prepared;;Willing To Help
1686;False;q21__1;save_more;Economic Adjustments;Consumption Plans;Do you intend to do the following things in response to the spread of the coronavirus? Save more to have something to fall back on when things get worse.;bool;;;Save More
1687;False;q21__2;postpone_purchase;Economic Adjustments;Consumption Plans;Do you intend to do the following things in response to the spread of the coronavirus? Postpone purchases of durable goods, such as a car, technical appliances or furniture, for the foreseeable future.;bool;;;Delay Purchases
1688;False;q21__3;postpone_house;Economic Adjustments;Consumption Plans;Do you intend to do the following things in response to the spread of the coronavirus? Postpone the purchase of a house or apartment.;bool;;;Delay House
1689;False;q21__4;reduce_housing;Economic Adjustments;Consumption Plans;Do you intend to do the following things in response to the spread of the coronavirus? Moving to a smaller house or apartment.;bool;;;Smaller Flat
1690;False;q21__5;sell_shares;Economic Adjustments;Consumption Plans;Do you intend to do the following things in response to the spread of the coronavirus? Selling shares.;bool;;;Sell Shares
1691;False;q21__6;buy_shares;Economic Adjustments;Consumption Plans;Do you intend to do the following things in response to the spread of the coronavirus? Buying shares.;bool;;;Buy Shares
1692;False;q21__7;no_consum_response;Economic Adjustments;Consumption Plans;Do you intend to do the following things in response to the spread of the coronavirus? None of the above.;bool;;;No Change
1693;False;h1;ubi_basic_needs;Economic Expectations;Use of One-Time Allowance;If the Dutch government today announced you would receive 1000 euros next week, what would you use that money for? Basic needs (e.g. groceries).;int;;;Basic Needs
1694;False;h2;ubi_expenses;Economic Expectations;Use of One-Time Allowance;If the Dutch government today announced you would receive 1000 euros next week, what would you use that money for? Expenses (e.g. books).;int;;;Other Expenses
1695;False;h3;ubi_durables;Economic Expectations;Use of One-Time Allowance;If the Dutch government today announced you would receive 1000 euros next week, what would you use that money for? Durables (e.g., car, furniture, appliances).;int;;;Durable Goods
1696;False;h4;ubi_savings;Economic Expectations;Use of One-Time Allowance;If the Dutch government today announced you would receive 1000 euros next week, what would you use that money for? Savings.;int;;;Savings
1697;False;h5;ubi_support_others;Economic Expectations;Use of One-Time Allowance;If the Dutch government today announced you would receive 1000 euros next week, what would you use that money for? Financially support others.;int;;;Help Others
1698;False;q27a;p_company_continue;Economic Adjustments;Employer Prospects;My company will continue as before.;int;;;No Change 
1699;False;q27b;p_gov_support;Economic Adjustments;Employer Prospects;My company will have fewer activities, but will not need government support.;int;;;Less Activity
1700;False;q27c;p_closure_gov_rescue;Economic Adjustments;Employer Prospects;My business will have to shut down, at least temporarily, but the government will be able to support me.;int;;;Government Rescue
1701;False;q27d;p_closure_no_rescue;Economic Adjustments;Employer Prospects;My company will have to shut down, at least temporarily, and I don't get enough support from the government.;int;;;Closure
1702;False;q27e;p_other;Economic Adjustments;Employer Prospects;Something else:;int;;;Other
1703;False;q28;p_severe_financial_distress;Economic Adjustments;Probability of Severe Financial Distress;What is the probability that the coronavirus crisis will lead to a situation where you will have no income or where your income is lower than what you need to cover basic needs and outstanding payment obligations?;int;;;Probability
1704;False;q29__1;cope_savings;Economic Expectations;Economic Coping Strategies;If the crisis leads to a situation where you have no income or where the income is lower than what you need to cover basic needs and outstanding payment obligations, how do you or your household plan to deal with this? Use savings.;bool;;;Use Savings
1705;False;q29__2;cope_loan;Economic Expectations;Economic Coping Strategies;If the crisis leads to a situation where you have no income or where the income is lower than what you need to cover basic needs and outstanding payment obligations, how do you or your household plan to deal with this? Have to take out a loan / increase the mortgage.;bool;;;Get Loan
1706;False;q29__3;cope_family;Economic Expectations;Economic Coping Strategies;If the crisis leads to a situation where you have no income or where the income is lower than what you need to cover basic needs and outstanding payment obligations, how do you or your household plan to deal with this? Must rely on family.;bool;;;Family
1707;False;q29__4;cope_unemp;Economic Expectations;Economic Coping Strategies;If the crisis leads to a situation where you have no income or where the income is lower than what you need to cover basic needs and outstanding payment obligations, how do you or your household plan to deal with this? Must apply for unemployment / disability benefits.;bool;;;Unempl. Benefits
1708;False;q29__5;cope_retire;Economic Expectations;Economic Coping Strategies;If the crisis leads to a situation where you have no income or where the income is lower than what you need to cover basic needs and outstanding payment obligations, how do you or your household plan to deal with this? Must retire (early).;bool;;;Retire
1709;False;q29__6;cope_soc_assist;Economic Expectations;Economic Coping Strategies;If the crisis leads to a situation where you have no income or where the income is lower than what you need to cover basic needs and outstanding payment obligations, how do you or your household plan to deal with this? Must rely on social assistance.;bool;;;Social Assistance
1710;False;q29__7;cope_other;Economic Expectations;Economic Coping Strategies;If the crisis leads to a situation where you have no income or where the income is lower than what you need to cover basic needs and outstanding payment obligations, how do you or your household plan to deal with this? Other, namely:;str;;;Other
1711;False;q30a;nervous;Mental Health and Trust;Mood in the Last Week;In the past seven days, I have been very nervous.;Categorical;never, rarely, sometimes, often, mostly, constantly;True;Nervous
1712;False;q30b;depressed;Mental Health and Trust;Mood in the Last Week;In the past seven days, I have been so down that nothing could cheer me up.;Categorical;never, rarely, sometimes, often, mostly, constantly;True;Depressed
1713;False;q30c;calm;Mental Health and Trust;Mood in the Last Week;In the past seven days, I have felt calm and peaceful.;Categorical;never, rarely, sometimes, often, mostly, constantly;True;Calm
1714;False;q30d;gloomy;Mental Health and Trust;Mood in the Last Week;In the past seven days, I have felt sad and gloomy.;Categorical;never, rarely, sometimes, often, mostly, constantly;True;Gloomy
1715;False;q30e;happy;Mental Health and Trust;Mood in the Last Week;In the past seven days, I have felt happy.;Categorical;never, rarely, sometimes, often, mostly, constantly;True;Happy
1716;False;q31a;concern_bored;Mental Health and Trust;Health Concerns;That I get very bored.;Categorical;1 not concerned at all, 2, 3, 4, 5 very concerned;True;Bored
1717;False;q31b;concern_serious_ill;Mental Health and Trust;Health Concerns;That I become infected with the coronavirus and become very ill or die.;Categorical;2 not concerned at all, 2, 3, 4, 5 very concerned;True;Very Ill Or Die
1718;False;q31c;concern_infect_others;Mental Health and Trust;Health Concerns;That I get infected with the coronavirus and infect others.;Categorical;3 not concerned at all, 2, 3, 4, 5 very concerned;True;Spreading
1719;False;q31d;concern_loved_ill;Mental Health and Trust;Health Concerns;That loved ones become infected with the coronavirus and become very ill or die.;Categorical;4 not concerned at all, 2, 3, 4, 5 very concerned;True;Loved Ones
1720;False;q31e1;concern_unemp;Mental Health and Trust;Economic Concerns;That I will lose my job.;Categorical;5 not concerned at all, 2, 3, 4, 5 very concerned;True;Lose Job
1721;False;q31e2;concern_company;Mental Health and Trust;Economic Concerns;That my company gets into financial difficulties.;Categorical;6 not concerned at all, 2, 3, 4, 5 very concerned;True;Employer
1722;False;q31e3;concern_new_job;Mental Health and Trust;Economic Concerns;That I won't be able to find a new job.;Categorical;7 not concerned at all, 2, 3, 4, 5 very concerned;True;No New Job
1723;False;q31f;concern_food;Mental Health and Trust;Economic Concerns;That I am unable to buy enough food.;Categorical;8 not concerned at all, 2, 3, 4, 5 very concerned;True;Not Enough Food
1724;False;q31g;concern_health_care;Mental Health and Trust;Health Concerns;That I will not get good quality health care.;Categorical;9 not concerned at all, 2, 3, 4, 5 very concerned;True;Health Care
1725;False;q31h;concern_fav_shop_bancrupt;Mental Health and Trust;Economic Concerns;That my favorite restaurant / cafe will go bankrupt.;Categorical;10 not concerned at all, 2, 3, 4, 5 very concerned;True;Favorite Shop
1726;False;v1;duration_econ_crisis;Economic Expectations;Duration of the Economic Crisis;How long do you think the economic crisis will last?;Categorical;less than 1 month, 1 to 3 months, 3 to 6 months, 6 to 12 months, 1 to 2 years, 2 to 3 years, 3 years or more;True;Duration
1727;False;v2a;p_job_loss_empl;Economic Expectations;Probabilities of Economic Repercussions;How likely is it that the following economic effects of the coronavirus crisis will happen to you in the next 12 months? Job loss (employed).;Categorical;very unlikely, unlikely, probably, very likely;True;Job Loss
1728;False;v2b;p_job_loss_selfempl;Economic Expectations;Probabilities of Economic Repercussions;How likely is it that the following economic effects of the coronavirus crisis will happen to you in the next 12 months? No more contracts (self-employed).;Categorical;very unlikely, unlikely, probably, very likely;True;No More Orders
1729;False;v2c;p_shorten_pension;Economic Expectations;Probabilities of Economic Repercussions;How likely is it that the following economic effects of the coronavirus crisis will happen to you in the next 12 months? Shortening of my pension.;Categorical;very unlikely, unlikely, probably, very likely;True;Pension Smaller
1730;False;v2d;p_drop_in_assets;Economic Expectations;Probabilities of Economic Repercussions;How likely is it that the following economic effects of the coronavirus crisis will happen to you in the next 12 months? Assets will drop in value.;Categorical;very unlikely, unlikely, probably, very likely;True;Asset Values
1731;False;v2e;p_bank_bancrupt;Economic Expectations;Probabilities of Economic Repercussions;How likely is it that the following economic effects of the coronavirus crisis will happen to you in the next 12 months? My bank will go bankrupt.;Categorical;very unlikely, unlikely, probably, very likely;True;Bank Failure
1732;False;v2f;p_struggle_debts;Economic Expectations;Probabilities of Economic Repercussions;How likely is it that the following economic effects of the coronavirus crisis will happen to you in the next 12 months? Struggle to repay debts.;Categorical;very unlikely, unlikely, probably, very likely;True;Hard To Repay Debt
1733;False;v3;exp_house_prices_direction;Economic Expectations;House Prices;At what level will house prices be in 12 months compared to house prices in February (i.e., before the coronavirus outbreak)?;Categorical;House prices will be lower, House prices will be the same, House prices will be higher;True;Direction
1734;False;v4;exp_house_prices_percent;Economic Expectations;House Prices;By how much percent do you expect house prices to change?;Categorical;less than 2%, 2% to 5%, 5% to 10%, 10% to 20%, 30% or more;True;Price Change
1735;False;v5a;exp_spend_less;Economic Expectations;Consumption Plans;If you think about the coronavirus outbreak at this moment and then look ahead to the next 12 months, do you agree with the following statements? Spend less.;Categorical;0 totally disagree, 1, 2, 3, 4, 5, 6, 7, 8, 9, 10 totally agree;True;Spend Less
1736;False;v5c;exp_work_more;Economic Expectations;Consumption Plans;If you think about the coronavirus outbreak at this moment and then look ahead to the next 12 months, do you agree with the following statements? Work more.;Categorical;1 totally disagree, 1, 2, 3, 4, 5, 6, 7, 8, 9, 10 totally agree;True;Work More
1737;False;v5d;exp_work_less;Economic Expectations;Consumption Plans;If you think about the coronavirus outbreak at this moment and then look ahead to the next 12 months, do you agree with the following statements? Work less.;Categorical;2 totally disagree, 1, 2, 3, 4, 5, 6, 7, 8, 9, 10 totally agree;True;Work Less
1738;False;v5e;exp_borrow;Economic Expectations;Consumption Plans;If you think about the coronavirus outbreak at this moment and then look ahead to the next 12 months, do you agree with the following statements? Borrow more.;Categorical;3 totally disagree, 1, 2, 3, 4, 5, 6, 7, 8, 9, 10 totally agree;True;Borrow Extra
1739;False;v5f;exp_postpone_house;Economic Expectations;Consumption Plans;If you think about the coronavirus outbreak at this moment and then look ahead to the next 12 months, do you agree with the following statements? Postpone house purchase.;Categorical;4 totally disagree, 1, 2, 3, 4, 5, 6, 7, 8, 9, 10 totally agree;True;Delay House
1740;False;v61;gov_action_approp;Skip;Skip;I think the government's actions have been appropriate.;Categorical;totally disagree, disagree, neutral, agree, totally agree;True;
1741;False;v62;gov_action_insuff;Skip;Skip;I think the measures taken are insufficient.;Categorical;totally disagree, disagree, neutral, agree, totally agree;True;
1742;False;v63;save_banks;Skip;Skip;The government must be prepared to save banks.;Categorical;totally disagree, disagree, neutral, agree, totally agree;True;
1743;False;v64;help_pension_funds;Skip;Skip;Pension funds need to be supported.;Categorical;totally disagree, disagree, neutral, agree, totally agree;True;
1744;False;nomem_encr;personal_id;Skip;Skip;personal identifier;float;;;
1745;False;gebjaar;birthyear;Background Variables;Background Variables;year of birth;int;;;Year Of Birth
